-- phpMyAdmin SQL Dump
-- version 5.2.1
-- https://www.phpmyadmin.net/
--
-- Host: 127.0.0.1
-- Tempo de geração: 09-Abr-2024 às 18:04
-- Versão do servidor: 10.4.32-MariaDB
-- versão do PHP: 8.2.12

SET SQL_MODE = "NO_AUTO_VALUE_ON_ZERO";
START TRANSACTION;
SET time_zone = "+00:00";


/*!40101 SET @OLD_CHARACTER_SET_CLIENT=@@CHARACTER_SET_CLIENT */;
/*!40101 SET @OLD_CHARACTER_SET_RESULTS=@@CHARACTER_SET_RESULTS */;
/*!40101 SET @OLD_COLLATION_CONNECTION=@@COLLATION_CONNECTION */;
/*!40101 SET NAMES utf8mb4 */;

--
-- Banco de dados: `crud_grupolanche`
--

-- --------------------------------------------------------

--
-- Estrutura da tabela `cidade`
--

CREATE TABLE `cidade` (
  `id_cidade` int(10) UNSIGNED NOT NULL,
  `nome_cidade` varchar(255) DEFAULT NULL,
  `id_estado` int(10) UNSIGNED DEFAULT NULL
) ENGINE=InnoDB DEFAULT CHARSET=utf8 COLLATE=utf8_unicode_ci;

--
-- Extraindo dados da tabela `cidade`
--

INSERT INTO `cidade` (`id_cidade`, `nome_cidade`, `id_estado`) VALUES
(1, 'Rio Branco', 1),
(2, 'Maceió', 2),
(3, 'Macapá', 3),
(4, 'Manaus', 4),
(5, 'Salvador', 5),
(6, 'Fortaleza', 6),
(7, 'Brasília', 7),
(8, 'Vitória', 8),
(9, 'Goiânia', 9),
(10, 'São Luís', 10),
(11, 'Cuiabá', 11),
(12, 'Campo Grande', 12),
(13, 'Belo Horizonte', 13),
(14, 'Belém', 14),
(15, 'João Pessoa', 15),
(16, 'Curitiba', 16),
(17, 'Recife', 17),
(18, 'Teresina', 18),
(19, 'Rio de Janeiro', 19),
(20, 'Natal', 20),
(21, 'Porto Alegre', 21),
(22, 'Porto Velho', 22),
(23, 'Boa Vista', 23),
(24, 'Florianópolis', 24),
(25, 'São Paulo', 25),
(26, 'Aracaju', 26),
(27, 'Palmas', 27),
(28, 'Acrelândia', 1),
(29, 'Assis Brasil', 1),
(30, 'Brasiléia', 1),
(31, 'Bujari', 1),
(32, 'Capixaba', 1),
(33, 'Cruzeiro do Sul', 1),
(34, 'Epitaciolândia', 1),
(35, 'Feijó', 1),
(36, 'Jordão', 1),
(37, 'Mâncio Lima', 1),
(38, 'Manoel Urbano', 1),
(39, 'Marechal Thaumaturgo', 1),
(40, 'Plácido de Castro', 1),
(41, 'Porto Acre', 1),
(42, 'Porto Walter', 1),
(43, 'Rio Branco', 1),
(44, 'Rodrigues Alves', 1),
(45, 'Santa Rosa do Purus', 1),
(46, 'Sena Madureira', 1),
(47, 'Senador Guiomard', 1),
(48, 'Tarauacá', 1),
(49, 'Xapuri', 1),
(50, 'Água Branca', 2),
(51, 'Anadia', 2),
(52, 'Arapiraca', 2),
(53, 'Atalaia', 2),
(54, 'Barra de Santo Antônio', 2),
(55, 'Barra de São Miguel', 2),
(56, 'Batalha', 2),
(57, 'Belém', 2),
(58, 'Belo Monte', 2),
(59, 'Boca da Mata', 2),
(60, 'Branquinha', 2),
(61, 'Cacimbinhas', 2),
(62, 'Cajueiro', 2),
(63, 'Campestre', 2),
(64, 'Campo Alegre', 2),
(65, 'Campo Grande', 2),
(66, 'Canapi', 2),
(67, 'Capela', 2),
(68, 'Carneiros', 2),
(69, 'Chã Preta', 2),
(70, 'Coité do Nóia', 2),
(71, 'Colônia Leopoldina', 2),
(72, 'Coqueiro Seco', 2),
(73, 'Coruripe', 2),
(74, 'Craíbas', 2),
(75, 'Delmiro Gouveia', 2),
(76, 'Dois Riachos', 2),
(77, 'Estrela de Alagoas', 2),
(78, 'Feira Grande', 2),
(79, 'Feliz Deserto', 2),
(80, 'Flexeiras', 2),
(81, 'Girau do Ponciano', 2),
(82, 'Ibateguara', 2),
(83, 'Igaci', 2),
(84, 'Igreja Nova', 2),
(85, 'Inhapi', 2),
(86, 'Jacaré dos Homens', 2),
(87, 'Jacuípe', 2),
(88, 'Japaratinga', 2),
(89, 'Jaramataia', 2),
(90, 'Jequiá da Praia', 2),
(91, 'Joaquim Gomes', 2),
(92, 'Jundiá', 2),
(93, 'Junqueiro', 2),
(94, 'Lagoa da Canoa', 2),
(95, 'Limoeiro de Anadia', 2),
(96, 'Maceió', 2),
(97, 'Major Isidoro', 2),
(98, 'Maragogi', 2),
(99, 'Maravilha', 2),
(100, 'Marechal Deodoro', 2),
(101, 'Maribondo', 2),
(102, 'Mata Grande', 2),
(103, 'Matriz de Camaragibe', 2),
(104, 'Messias', 2),
(105, 'Minador do Negrão', 2),
(106, 'Monteirópolis', 2),
(107, 'Murici', 2),
(108, 'Novo Lino', 2),
(109, 'Olho d\'Água das Flores', 2),
(110, 'Olho d\'Água do Casado', 2),
(111, 'Olho d\'Água Grande', 2),
(112, 'Olivença', 2),
(113, 'Ouro Branco', 2),
(114, 'Palestina', 2),
(115, 'Palmeira dos Índios', 2),
(116, 'Pão de Açúcar', 2),
(117, 'Pariconha', 2),
(118, 'Paripueira', 2),
(119, 'Passo de Camaragibe', 2),
(120, 'Paulo Jacinto', 2),
(121, 'Penedo', 2),
(122, 'Piaçabuçu', 2),
(123, 'Pilar', 2),
(124, 'Pindoba', 2),
(125, 'Piranhas', 2),
(126, 'Poço das Trincheiras', 2),
(127, 'Porto Calvo', 2),
(128, 'Porto de Pedras', 2),
(129, 'Porto Real do Colégio', 2),
(130, 'Quebrangulo', 2),
(131, 'Rio Largo', 2),
(132, 'Roteiro', 2),
(133, 'Santa Luzia do Norte', 2),
(134, 'Santana do Ipanema', 2),
(135, 'Santana do Mundaú', 2),
(136, 'São Brás', 2),
(137, 'São José da Laje', 2),
(138, 'São José da Tapera', 2),
(139, 'São Luís do Quitunde', 2),
(140, 'São Miguel dos Campos', 2),
(141, 'São Miguel dos Milagres', 2),
(142, 'São Sebastião', 2),
(143, 'Satuba', 2),
(144, 'Senador Rui Palmeira', 2),
(145, 'Tanque d\'Arca', 2),
(146, 'Taquarana', 2),
(147, 'Teotônio Vilela', 2),
(148, 'Traipu', 2),
(149, 'União dos Palmares', 2),
(150, 'Viçosa', 2),
(151, 'Amapá', 3),
(152, 'Calçoene', 3),
(153, 'Cutias', 3),
(154, 'Ferreira Gomes', 3),
(155, 'Itaubal', 3),
(156, 'Laranjal do Jari', 3),
(157, 'Macapá', 3),
(158, 'Mazagão', 3),
(159, 'Oiapoque', 3),
(160, 'Pedra Branca do Amapari', 3),
(161, 'Porto Grande', 3),
(162, 'Pracuúba', 3),
(163, 'Santana', 3),
(164, 'Serra do Navio', 3),
(165, 'Tartarugalzinho', 3),
(166, 'Vitória do Jari', 3),
(167, 'Alvarães', 4),
(168, 'Amaturá', 4),
(169, 'Anamã', 4),
(170, 'Anori', 4),
(171, 'Apuí', 4),
(172, 'Atalaia do Norte', 4),
(173, 'Autazes', 4),
(174, 'Barcelos', 4),
(175, 'Barreirinha', 4),
(176, 'Benjamin Constant', 4),
(177, 'Beruri', 4),
(178, 'Boa Vista do Ramos', 4),
(179, 'Boca do Acre', 4),
(180, 'Borba', 4),
(181, 'Caapiranga', 4),
(182, 'Canutama', 4),
(183, 'Carauari', 4),
(184, 'Careiro', 4),
(185, 'Careiro da Várzea', 4),
(186, 'Coari', 4),
(187, 'Codajás', 4),
(188, 'Eirunepé', 4),
(189, 'Envira', 4),
(190, 'Fonte Boa', 4),
(191, 'Guajará', 4),
(192, 'Humaitá', 4),
(193, 'Ipixuna', 4),
(194, 'Iranduba', 4),
(195, 'Itacoatiara', 4),
(196, 'Itamarati', 4),
(197, 'Itapiranga', 4),
(198, 'Japurá', 4),
(199, 'Juruá', 4),
(200, 'Jutaí', 4),
(201, 'Lábrea', 4),
(202, 'Manacapuru', 4),
(203, 'Manaquiri', 4),
(204, 'Manaus', 4),
(205, 'Manicoré', 4),
(206, 'Maraã', 4),
(207, 'Maués', 4),
(208, 'Nhamundá', 4),
(209, 'Nova Olinda do Norte', 4),
(210, 'Novo Airão', 4),
(211, 'Novo Aripuanã', 4),
(212, 'Parintins', 4),
(213, 'Pauini', 4),
(214, 'Presidente Figueiredo', 4),
(215, 'Rio Preto da Eva', 4),
(216, 'Santa Isabel do Rio Negro', 4),
(217, 'Santo Antônio do Içá', 4),
(218, 'São Gabriel da Cachoeira', 4),
(219, 'São Paulo de Olivença', 4),
(220, 'São Sebastião do Uatumã', 4),
(221, 'Silves', 4),
(222, 'Tabatinga', 4),
(223, 'Tapauá', 4),
(224, 'Tefé', 4),
(225, 'Tonantins', 4),
(226, 'Uarini', 4),
(227, 'Urucará', 4),
(228, 'Urucurituba', 4),
(229, 'Abaíra', 5),
(230, 'Abaré', 5),
(231, 'Acajutiba', 5),
(232, 'Adustina', 5),
(233, 'Água Fria', 5),
(234, 'Aiquara', 5),
(235, 'Alagoinhas', 5),
(236, 'Alcobaça', 5),
(237, 'Almadina', 5),
(238, 'Amargosa', 5),
(239, 'Amélia Rodrigues', 5),
(240, 'América Dourada', 5),
(241, 'Anagé', 5),
(242, 'Andaraí', 5),
(243, 'Andorinha', 5),
(244, 'Angical', 5),
(245, 'Anguera', 5),
(246, 'Antas', 5),
(247, 'Antônio Cardoso', 5),
(248, 'Antônio Gonçalves', 5),
(249, 'Aporá', 5),
(250, 'Apuarema', 5),
(251, 'Araças', 5),
(252, 'Aracatu', 5),
(253, 'Araci', 5),
(254, 'Aramari', 5),
(255, 'Arataca', 5),
(256, 'Aratuípe', 5),
(257, 'Aurelino Leal', 5),
(258, 'Baianópolis', 5),
(259, 'Baixa Grande', 5),
(260, 'Banzaê', 5),
(261, 'Barra', 5),
(262, 'Barra da Estiva', 5),
(263, 'Barra do Choça', 5),
(264, 'Barra do Mendes', 5),
(265, 'Barra do Rocha', 5),
(266, 'Barreiras', 5),
(267, 'Barro Alto', 5),
(268, 'Barro Preto', 5),
(269, 'Barrocas', 5),
(270, 'Belmonte', 5),
(271, 'Belo Campo', 5),
(272, 'Biritinga', 5),
(273, 'Boa Nova', 5),
(274, 'Boa Vista do Tupim', 5),
(275, 'Bom Jesus da Lapa', 5),
(276, 'Bom Jesus da Serra', 5),
(277, 'Boninal', 5),
(278, 'Bonito', 5),
(279, 'Boquira', 5),
(280, 'Botuporã', 5),
(281, 'Brejões', 5),
(282, 'Brejolândia', 5),
(283, 'Brotas de Macaúbas', 5),
(284, 'Brumado', 5),
(285, 'Buerarema', 5),
(286, 'Buritirama', 5),
(287, 'Caatiba', 5),
(288, 'Cabaceiras do Paraguaçu', 5),
(289, 'Cachoeira', 5),
(290, 'Caculé', 5),
(291, 'Caém', 5),
(292, 'Caetanos', 5),
(293, 'Caetité', 5),
(294, 'Cafarnaum', 5),
(295, 'Cairu', 5),
(296, 'Caldeirão Grande', 5),
(297, 'Camacan', 5),
(298, 'Camaçari', 5),
(299, 'Camamu', 5),
(300, 'Campo Alegre de Lourdes', 5),
(301, 'Campo Formoso', 5),
(302, 'Canápolis', 5),
(303, 'Canarana', 5),
(304, 'Canavieiras', 5),
(305, 'Candeal', 5),
(306, 'Candeias', 5),
(307, 'Candiba', 5),
(308, 'Cândido Sales', 5),
(309, 'Cansanção', 5),
(310, 'Canudos', 5),
(311, 'Capela do Alto Alegre', 5),
(312, 'Capim Grosso', 5),
(313, 'Caraíbas', 5),
(314, 'Caravelas', 5),
(315, 'Cardeal da Silva', 5),
(316, 'Carinhanha', 5),
(317, 'Casa Nova', 5),
(318, 'Castro Alves', 5),
(319, 'Catolândia', 5),
(320, 'Catu', 5),
(321, 'Caturama', 5),
(322, 'Central', 5),
(323, 'Chorrochó', 5),
(324, 'Cícero Dantas', 5),
(325, 'Cipó', 5),
(326, 'Coaraci', 5),
(327, 'Cocos', 5),
(328, 'Conceição da Feira', 5),
(329, 'Conceição do Almeida', 5),
(330, 'Conceição do Coité', 5),
(331, 'Conceição do Jacuípe', 5),
(332, 'Conde', 5),
(333, 'Condeúba', 5),
(334, 'Contendas do Sincorá', 5),
(335, 'Coração de Maria', 5),
(336, 'Cordeiros', 5),
(337, 'Coribe', 5),
(338, 'Coronel João Sá', 5),
(339, 'Correntina', 5),
(340, 'Cotegipe', 5),
(341, 'Cravolândia', 5),
(342, 'Crisópolis', 5),
(343, 'Cristópolis', 5),
(344, 'Cruz das Almas', 5),
(345, 'Curaçá', 5),
(346, 'Dário Meira', 5),
(347, 'Dias d\'Ávila', 5),
(348, 'Dom Basílio', 5),
(349, 'Dom Macedo Costa', 5),
(350, 'Elísio Medrado', 5),
(351, 'Encruzilhada', 5),
(352, 'Entre Rios', 5),
(353, 'Érico Cardoso', 5),
(354, 'Esplanada', 5),
(355, 'Euclides da Cunha', 5),
(356, 'Eunápolis', 5),
(357, 'Fátima', 5),
(358, 'Feira da Mata', 5),
(359, 'Feira de Santana', 5),
(360, 'Filadélfia', 5),
(361, 'Firmino Alves', 5),
(362, 'Floresta Azul', 5),
(363, 'Formosa do Rio Preto', 5),
(364, 'Gandu', 5),
(365, 'Gavião', 5),
(366, 'Gentio do Ouro', 5),
(367, 'Glória', 5),
(368, 'Gongogi', 5),
(369, 'Governador Mangabeira', 5),
(370, 'Guajeru', 5),
(371, 'Guanambi', 5),
(372, 'Guaratinga', 5),
(373, 'Heliópolis', 5),
(374, 'Iaçu', 5),
(375, 'Ibiassucê', 5),
(376, 'Ibicaraí', 5),
(377, 'Ibicoara', 5),
(378, 'Ibicuí', 5),
(379, 'Ibipeba', 5),
(380, 'Ibipitanga', 5),
(381, 'Ibiquera', 5),
(382, 'Ibirapitanga', 5),
(383, 'Ibirapuã', 5),
(384, 'Ibirataia', 5),
(385, 'Ibitiara', 5),
(386, 'Ibititá', 5),
(387, 'Ibotirama', 5),
(388, 'Ichu', 5),
(389, 'Igaporã', 5),
(390, 'Igrapiúna', 5),
(391, 'Iguaí', 5),
(392, 'Ilhéus', 5),
(393, 'Inhambupe', 5),
(394, 'Ipecaetá', 5),
(395, 'Ipiaú', 5),
(396, 'Ipirá', 5),
(397, 'Ipupiara', 5),
(398, 'Irajuba', 5),
(399, 'Iramaia', 5),
(400, 'Iraquara', 5),
(401, 'Irará', 5),
(402, 'Irecê', 5),
(403, 'Itabela', 5),
(404, 'Itaberaba', 5),
(405, 'Itabuna', 5),
(406, 'Itacaré', 5),
(407, 'Itaeté', 5),
(408, 'Itagi', 5),
(409, 'Itagibá', 5),
(410, 'Itagimirim', 5),
(411, 'Itaguaçu da Bahia', 5),
(412, 'Itaju do Colônia', 5),
(413, 'Itajuípe', 5),
(414, 'Itamaraju', 5),
(415, 'Itamari', 5),
(416, 'Itambé', 5),
(417, 'Itanagra', 5),
(418, 'Itanhém', 5),
(419, 'Itaparica', 5),
(420, 'Itapé', 5),
(421, 'Itapebi', 5),
(422, 'Itapetinga', 5),
(423, 'Itapicuru', 5),
(424, 'Itapitanga', 5),
(425, 'Itaquara', 5),
(426, 'Itarantim', 5),
(427, 'Itatim', 5),
(428, 'Itiruçu', 5),
(429, 'Itiúba', 5),
(430, 'Itororó', 5),
(431, 'Ituaçu', 5),
(432, 'Ituberá', 5),
(433, 'Iuiú', 5),
(434, 'Jaborandi', 5),
(435, 'Jacaraci', 5),
(436, 'Jacobina', 5),
(437, 'Jaguaquara', 5),
(438, 'Jaguarari', 5),
(439, 'Jaguaripe', 5),
(440, 'Jandaíra', 5),
(441, 'Jequié', 5),
(442, 'Jeremoabo', 5),
(443, 'Jiquiriçá', 5),
(444, 'Jitaúna', 5),
(445, 'João Dourado', 5),
(446, 'Juazeiro', 5),
(447, 'Jucuruçu', 5),
(448, 'Jussara', 5),
(449, 'Jussari', 5),
(450, 'Jussiape', 5),
(451, 'Lafaiete Coutinho', 5),
(452, 'Lagoa Real', 5),
(453, 'Laje', 5),
(454, 'Lajedão', 5),
(455, 'Lajedinho', 5),
(456, 'Lajedo do Tabocal', 5),
(457, 'Lamarão', 5),
(458, 'Lapão', 5),
(459, 'Lauro de Freitas', 5),
(460, 'Lençóis', 5),
(461, 'Licínio de Almeida', 5),
(462, 'Livramento de Nossa Senhora', 5),
(463, 'Luís Eduardo Magalhães', 5),
(464, 'Macajuba', 5),
(465, 'Macarani', 5),
(466, 'Macaúbas', 5),
(467, 'Macururé', 5),
(468, 'Madre de Deus', 5),
(469, 'Maetinga', 5),
(470, 'Maiquinique', 5),
(471, 'Mairi', 5),
(472, 'Malhada', 5),
(473, 'Malhada de Pedras', 5),
(474, 'Manoel Vitorino', 5),
(475, 'Mansidão', 5),
(476, 'Maracás', 5),
(477, 'Maragogipe', 5),
(478, 'Maraú', 5),
(479, 'Marcionílio Souza', 5),
(480, 'Mascote', 5),
(481, 'Mata de São João', 5),
(482, 'Matina', 5),
(483, 'Medeiros Neto', 5),
(484, 'Miguel Calmon', 5),
(485, 'Milagres', 5),
(486, 'Mirangaba', 5),
(487, 'Mirante', 5),
(488, 'Monte Santo', 5),
(489, 'Morpará', 5),
(490, 'Morro do Chapéu', 5),
(491, 'Mortugaba', 5),
(492, 'Mucugê', 5),
(493, 'Mucuri', 5),
(494, 'Mulungu do Morro', 5),
(495, 'Mundo Novo', 5),
(496, 'Muniz Ferreira', 5),
(497, 'Muquém de São Francisco', 5),
(498, 'Muritiba', 5),
(499, 'Mutuípe', 5),
(500, 'Nazaré', 5),
(501, 'Nilo Peçanha', 5),
(502, 'Nordestina', 5),
(503, 'Nova Canaã', 5),
(504, 'Nova Fátima', 5),
(505, 'Nova Ibiá', 5),
(506, 'Nova Itarana', 5),
(507, 'Nova Redenção', 5),
(508, 'Nova Soure', 5),
(509, 'Nova Viçosa', 5),
(510, 'Novo Horizonte', 5),
(511, 'Novo Triunfo', 5),
(512, 'Olindina', 5),
(513, 'Oliveira dos Brejinhos', 5),
(514, 'Ouriçangas', 5),
(515, 'Ourolândia', 5),
(516, 'Palmas de Monte Alto', 5),
(517, 'Palmeiras', 5),
(518, 'Paramirim', 5),
(519, 'Paratinga', 5),
(520, 'Paripiranga', 5),
(521, 'Pau Brasil', 5),
(522, 'Paulo Afonso', 5),
(523, 'Pé de Serra', 5),
(524, 'Pedrão', 5),
(525, 'Pedro Alexandre', 5),
(526, 'Piatã', 5),
(527, 'Pilão Arcado', 5),
(528, 'Pindaí', 5),
(529, 'Pindobaçu', 5),
(530, 'Pintadas', 5),
(531, 'Piraí do Norte', 5),
(532, 'Piripá', 5),
(533, 'Piritiba', 5),
(534, 'Planaltino', 5),
(535, 'Planalto', 5),
(536, 'Poções', 5),
(537, 'Pojuca', 5),
(538, 'Ponto Novo', 5),
(539, 'Porto Seguro', 5),
(540, 'Potiraguá', 5),
(541, 'Prado', 5),
(542, 'Presidente Dutra', 5),
(543, 'Presidente Jânio Quadros', 5),
(544, 'Presidente Tancredo Neves', 5),
(545, 'Queimadas', 5),
(546, 'Quijingue', 5),
(547, 'Quixabeira', 5),
(548, 'Rafael Jambeiro', 5),
(549, 'Remanso', 5),
(550, 'Retirolândia', 5),
(551, 'Riachão das Neves', 5),
(552, 'Riachão do Jacuípe', 5),
(553, 'Riacho de Santana', 5),
(554, 'Ribeira do Amparo', 5),
(555, 'Ribeira do Pombal', 5),
(556, 'Ribeirão do Largo', 5),
(557, 'Rio de Contas', 5),
(558, 'Rio do Antônio', 5),
(559, 'Rio do Pires', 5),
(560, 'Rio Real', 5),
(561, 'Rodelas', 5),
(562, 'Ruy Barbosa', 5),
(563, 'Salinas da Margarida', 5),
(564, 'Salvador', 5),
(565, 'Santa Bárbara', 5),
(566, 'Santa Brígida', 5),
(567, 'Santa Cruz Cabrália', 5),
(568, 'Santa Cruz da Vitória', 5),
(569, 'Santa Inês', 5),
(570, 'Santa Luzia', 5),
(571, 'Santa Maria da Vitória', 5),
(572, 'Santa Rita de Cássia', 5),
(573, 'Santa Teresinha', 5),
(574, 'Santaluz', 5),
(575, 'Santana', 5),
(576, 'Santanópolis', 5),
(577, 'Santo Amaro', 5),
(578, 'Santo Antônio de Jesus', 5),
(579, 'Santo Estêvão', 5),
(580, 'São Desidério', 5),
(581, 'São Domingos', 5),
(582, 'São Felipe', 5),
(583, 'São Félix', 5),
(584, 'São Félix do Coribe', 5),
(585, 'São Francisco do Conde', 5),
(586, 'São Gabriel', 5),
(587, 'São Gonçalo dos Campos', 5),
(588, 'São José da Vitória', 5),
(589, 'São José do Jacuípe', 5),
(590, 'São Miguel das Matas', 5),
(591, 'São Sebastião do Passé', 5),
(592, 'Sapeaçu', 5),
(593, 'Sátiro Dias', 5),
(594, 'Saubara', 5),
(595, 'Saúde', 5),
(596, 'Seabra', 5),
(597, 'Sebastião Laranjeiras', 5),
(598, 'Senhor do Bonfim', 5),
(599, 'Sento Sé', 5),
(600, 'Serra do Ramalho', 5),
(601, 'Serra Dourada', 5),
(602, 'Serra Preta', 5),
(603, 'Serrinha', 5),
(604, 'Serrolândia', 5),
(605, 'Simões Filho', 5),
(606, 'Sítio do Mato', 5),
(607, 'Sítio do Quinto', 5),
(608, 'Sobradinho', 5),
(609, 'Souto Soares', 5),
(610, 'Tabocas do Brejo Velho', 5),
(611, 'Tanhaçu', 5),
(612, 'Tanque Novo', 5),
(613, 'Tanquinho', 5),
(614, 'Taperoá', 5),
(615, 'Tapiramutá', 5),
(616, 'Teixeira de Freitas', 5),
(617, 'Teodoro Sampaio', 5),
(618, 'Teofilândia', 5),
(619, 'Teolândia', 5),
(620, 'Terra Nova', 5),
(621, 'Tremedal', 5),
(622, 'Tucano', 5),
(623, 'Uauá', 5),
(624, 'Ubaíra', 5),
(625, 'Ubaitaba', 5),
(626, 'Ubatã', 5),
(627, 'Uibaí', 5),
(628, 'Umburanas', 5),
(629, 'Una', 5),
(630, 'Urandi', 5),
(631, 'Uruçuca', 5),
(632, 'Utinga', 5),
(633, 'Valença', 5),
(634, 'Valente', 5),
(635, 'Várzea da Roça', 5),
(636, 'Várzea do Poço', 5),
(637, 'Várzea Nova', 5),
(638, 'Varzedo', 5),
(639, 'Vera Cruz', 5),
(640, 'Vereda', 5),
(641, 'Vitória da Conquista', 5),
(642, 'Wagner', 5),
(643, 'Wanderley', 5),
(644, 'Wenceslau Guimarães', 5),
(645, 'Xique-Xique', 5),
(646, 'Abaiara', 6),
(647, 'Acarape', 6),
(648, 'Acaraú', 6),
(649, 'Acopiara', 6),
(650, 'Aiuaba', 6),
(651, 'Alcântaras', 6),
(652, 'Altaneira', 6),
(653, 'Alto Santo', 6),
(654, 'Amontada', 6),
(655, 'Antonina do Norte', 6),
(656, 'Apuiarés', 6),
(657, 'Aquiraz', 6),
(658, 'Aracati', 6),
(659, 'Aracoiaba', 6),
(660, 'Ararendá', 6),
(661, 'Araripe', 6),
(662, 'Aratuba', 6),
(663, 'Arneiroz', 6),
(664, 'Assaré', 6),
(665, 'Aurora', 6),
(666, 'Baixio', 6),
(667, 'Banabuiú', 6),
(668, 'Barbalha', 6),
(669, 'Barreira', 6),
(670, 'Barro', 6),
(671, 'Barroquinha', 6),
(672, 'Baturité', 6),
(673, 'Beberibe', 6),
(674, 'Bela Cruz', 6),
(675, 'Boa Viagem', 6),
(676, 'Brejo Santo', 6),
(677, 'Camocim', 6),
(678, 'Campos Sales', 6),
(679, 'Canindé', 6),
(680, 'Capistrano', 6),
(681, 'Caridade', 6),
(682, 'Cariré', 6),
(683, 'Caririaçu', 6),
(684, 'Cariús', 6),
(685, 'Carnaubal', 6),
(686, 'Cascavel', 6),
(687, 'Catarina', 6),
(688, 'Catunda', 6),
(689, 'Caucaia', 6),
(690, 'Cedro', 6),
(691, 'Chaval', 6),
(692, 'Choró', 6),
(693, 'Chorozinho', 6),
(694, 'Coreaú', 6),
(695, 'Crateús', 6),
(696, 'Crato', 6),
(697, 'Croatá', 6),
(698, 'Cruz', 6),
(699, 'Deputado Irapuan Pinheiro', 6),
(700, 'Ererê', 6),
(701, 'Eusébio', 6),
(702, 'Farias Brito', 6),
(703, 'Forquilha', 6),
(704, 'Fortaleza', 6),
(705, 'Fortim', 6),
(706, 'Frecheirinha', 6),
(707, 'General Sampaio', 6),
(708, 'Graça', 6),
(709, 'Granja', 6),
(710, 'Granjeiro', 6),
(711, 'Groaíras', 6),
(712, 'Guaiúba', 6),
(713, 'Guaraciaba do Norte', 6),
(714, 'Guaramiranga', 6),
(715, 'Hidrolândia', 6),
(716, 'Horizonte', 6),
(717, 'Ibaretama', 6),
(718, 'Ibiapina', 6),
(719, 'Ibicuitinga', 6),
(720, 'Icapuí', 6),
(721, 'Icó', 6),
(722, 'Iguatu', 6),
(723, 'Independência', 6),
(724, 'Ipaporanga', 6),
(725, 'Ipaumirim', 6),
(726, 'Ipu', 6),
(727, 'Ipueiras', 6),
(728, 'Iracema', 6),
(729, 'Irauçuba', 6),
(730, 'Itaiçaba', 6),
(731, 'Itaitinga', 6),
(732, 'Itapagé', 6),
(733, 'Itapipoca', 6),
(734, 'Itapiúna', 6),
(735, 'Itarema', 6),
(736, 'Itatira', 6),
(737, 'Jaguaretama', 6),
(738, 'Jaguaribara', 6),
(739, 'Jaguaribe', 6),
(740, 'Jaguaruana', 6),
(741, 'Jardim', 6),
(742, 'Jati', 6),
(743, 'Jijoca de Jericoacoara', 6),
(744, 'Juazeiro do Norte', 6),
(745, 'Jucás', 6),
(746, 'Lavras da Mangabeira', 6),
(747, 'Limoeiro do Norte', 6),
(748, 'Madalena', 6),
(749, 'Maracanaú', 6),
(750, 'Maranguape', 6),
(751, 'Marco', 6),
(752, 'Martinópole', 6),
(753, 'Massapê', 6),
(754, 'Mauriti', 6),
(755, 'Meruoca', 6),
(756, 'Milagres', 6),
(757, 'Milhã', 6),
(758, 'Miraíma', 6),
(759, 'Missão Velha', 6),
(760, 'Mombaça', 6),
(761, 'Monsenhor Tabosa', 6),
(762, 'Morada Nova', 6),
(763, 'Moraújo', 6),
(764, 'Morrinhos', 6),
(765, 'Mucambo', 6),
(766, 'Mulungu', 6),
(767, 'Nova Olinda', 6),
(768, 'Nova Russas', 6),
(769, 'Novo Oriente', 6),
(770, 'Ocara', 6),
(771, 'Orós', 6),
(772, 'Pacajus', 6),
(773, 'Pacatuba', 6),
(774, 'Pacoti', 6),
(775, 'Pacujá', 6),
(776, 'Palhano', 6),
(777, 'Palmácia', 6),
(778, 'Paracuru', 6),
(779, 'Paraipaba', 6),
(780, 'Parambu', 6),
(781, 'Paramoti', 6),
(782, 'Pedra Branca', 6),
(783, 'Penaforte', 6),
(784, 'Pentecoste', 6),
(785, 'Pereiro', 6),
(786, 'Pindoretama', 6),
(787, 'Piquet Carneiro', 6),
(788, 'Pires Ferreira', 6),
(789, 'Poranga', 6),
(790, 'Porteiras', 6),
(791, 'Potengi', 6),
(792, 'Potiretama', 6),
(793, 'Quiterianópolis', 6),
(794, 'Quixadá', 6),
(795, 'Quixelô', 6),
(796, 'Quixeramobim', 6),
(797, 'Quixeré', 6),
(798, 'Redenção', 6),
(799, 'Reriutaba', 6),
(800, 'Russas', 6),
(801, 'Saboeiro', 6),
(802, 'Salitre', 6),
(803, 'Santa Quitéria', 6),
(804, 'Santana do Acaraú', 6),
(805, 'Santana do Cariri', 6),
(806, 'São Benedito', 6),
(807, 'São Gonçalo do Amarante', 6),
(808, 'São João do Jaguaribe', 6),
(809, 'São Luís do Curu', 6),
(810, 'Senador Pompeu', 6),
(811, 'Senador Sá', 6),
(812, 'Sobral', 6),
(813, 'Solonópole', 6),
(814, 'Tabuleiro do Norte', 6),
(815, 'Tamboril', 6),
(816, 'Tarrafas', 6),
(817, 'Tauá', 6),
(818, 'Tejuçuoca', 6),
(819, 'Tianguá', 6),
(820, 'Trairi', 6),
(821, 'Tururu', 6),
(822, 'Ubajara', 6),
(823, 'Umari', 6),
(824, 'Umirim', 6),
(825, 'Uruburetama', 6),
(826, 'Uruoca', 6),
(827, 'Varjota', 6),
(828, 'Várzea Alegre', 6),
(829, 'Viçosa do Ceará', 6),
(830, 'Brasília', 7),
(831, 'Abadia de Goiás', 8),
(832, 'Abadiânia', 8),
(833, 'Acreúna', 8),
(834, 'Adelândia', 8),
(835, 'Água Fria de Goiás', 8),
(836, 'Água Limpa', 8),
(837, 'Águas Lindas de Goiás', 8),
(838, 'Alexânia', 8),
(839, 'Aloândia', 8),
(840, 'Alto Horizonte', 8),
(841, 'Alto Paraíso de Goiás', 8),
(842, 'Alvorada do Norte', 8),
(843, 'Amaralina', 8),
(844, 'Americano do Brasil', 8),
(845, 'Amorinópolis', 8),
(846, 'Anápolis', 8),
(847, 'Anhanguera', 8),
(848, 'Anicuns', 8),
(849, 'Aparecida de Goiânia', 8),
(850, 'Aparecida do Rio Doce', 8),
(851, 'Aporé', 8),
(852, 'Araçu', 8),
(853, 'Aragarças', 8),
(854, 'Aragoiânia', 8),
(855, 'Araguapaz', 8),
(856, 'Arenópolis', 8),
(857, 'Aruanã', 8),
(858, 'Aurilândia', 8),
(859, 'Avelinópolis', 8),
(860, 'Baliza', 8),
(861, 'Barro Alto', 8),
(862, 'Bela Vista de Goiás', 8),
(863, 'Bom Jardim de Goiás', 8),
(864, 'Bom Jesus de Goiás', 8),
(865, 'Bonfinópolis', 8),
(866, 'Bonópolis', 8),
(867, 'Brazabrantes', 8),
(868, 'Britânia', 8),
(869, 'Buriti Alegre', 8),
(870, 'Buriti de Goiás', 8),
(871, 'Buritinópolis', 8),
(872, 'Cabeceiras', 8),
(873, 'Cachoeira Alta', 8),
(874, 'Cachoeira de Goiás', 8),
(875, 'Cachoeira Dourada', 8),
(876, 'Caçu', 8),
(877, 'Caiapônia', 8),
(878, 'Caldas Novas', 8),
(879, 'Caldazinha', 8),
(880, 'Campestre de Goiás', 8),
(881, 'Campinaçu', 8),
(882, 'Campinorte', 8),
(883, 'Campo Alegre de Goiás', 8),
(884, 'Campo Limpo de Goiás', 8),
(885, 'Campos Belos', 8),
(886, 'Campos Verdes', 8),
(887, 'Carmo do Rio Verde', 8),
(888, 'Castelândia', 8),
(889, 'Catalão', 8),
(890, 'Caturaí', 8),
(891, 'Cavalcante', 8),
(892, 'Ceres', 8),
(893, 'Cezarina', 8),
(894, 'Chapadão do Céu', 8),
(895, 'Cidade Ocidental', 8),
(896, 'Cocalzinho de Goiás', 8),
(897, 'Colinas do Sul', 8),
(898, 'Córrego do Ouro', 8),
(899, 'Corumbá de Goiás', 8),
(900, 'Corumbaíba', 8),
(901, 'Cristalina', 8),
(902, 'Cristianópolis', 8),
(903, 'Crixás', 8),
(904, 'Cromínia', 8),
(905, 'Cumari', 8),
(906, 'Damianópolis', 8),
(907, 'Damolândia', 8),
(908, 'Davinópolis', 8),
(909, 'Diorama', 8),
(910, 'Divinópolis de Goiás', 8),
(911, 'Doverlândia', 8),
(912, 'Edealina', 8),
(913, 'Edéia', 8),
(914, 'Estrela do Norte', 8),
(915, 'Faina', 8),
(916, 'Fazenda Nova', 8),
(917, 'Firminópolis', 8),
(918, 'Flores de Goiás', 8),
(919, 'Formosa', 8),
(920, 'Formoso', 8),
(921, 'Gameleira de Goiás', 8),
(922, 'Goianápolis', 8),
(923, 'Goiandira', 8),
(924, 'Goianésia', 8),
(925, 'Goiânia', 8),
(926, 'Goianira', 8),
(927, 'Goiás', 8),
(928, 'Goiatuba', 8),
(929, 'Gouvelândia', 8),
(930, 'Guapó', 8),
(931, 'Guaraíta', 8),
(932, 'Guarani de Goiás', 8),
(933, 'Guarinos', 8),
(934, 'Heitoraí', 8),
(935, 'Hidrolândia', 8),
(936, 'Hidrolina', 8),
(937, 'Iaciara', 8),
(938, 'Inaciolândia', 8),
(939, 'Indiara', 8),
(940, 'Inhumas', 8),
(941, 'Ipameri', 8),
(942, 'Ipiranga de Goiás', 8),
(943, 'Iporá', 8),
(944, 'Israelândia', 8),
(945, 'Itaberaí', 8),
(946, 'Itaguari', 8),
(947, 'Itaguaru', 8),
(948, 'Itajá', 8),
(949, 'Itapaci', 8),
(950, 'Itapirapuã', 8),
(951, 'Itapuranga', 8),
(952, 'Itarumã', 8),
(953, 'Itauçu', 8),
(954, 'Itumbiara', 8),
(955, 'Ivolândia', 8),
(956, 'Jandaia', 8),
(957, 'Jaraguá', 8),
(958, 'Jataí', 8),
(959, 'Jaupaci', 8),
(960, 'Jesúpolis', 8),
(961, 'Joviânia', 8),
(962, 'Jussara', 8),
(963, 'Lagoa Santa', 8),
(964, 'Leopoldo de Bulhões', 8),
(965, 'Luziânia', 8),
(966, 'Mairipotaba', 8),
(967, 'Mambaí', 8),
(968, 'Mara Rosa', 8),
(969, 'Marzagão', 8),
(970, 'Matrinchã', 8),
(971, 'Maurilândia', 8),
(972, 'Mimoso de Goiás', 8),
(973, 'Minaçu', 8),
(974, 'Mineiros', 8),
(975, 'Moiporá', 8),
(976, 'Monte Alegre de Goiás', 8),
(977, 'Montes Claros de Goiás', 8),
(978, 'Montividiu', 8),
(979, 'Montividiu do Norte', 8),
(980, 'Morrinhos', 8),
(981, 'Morro Agudo de Goiás', 8),
(982, 'Mossâmedes', 8),
(983, 'Mozarlândia', 8),
(984, 'Mundo Novo', 8),
(985, 'Mutunópolis', 8),
(986, 'Nazário', 8),
(987, 'Nerópolis', 8),
(988, 'Niquelândia', 8),
(989, 'Nova América', 8),
(990, 'Nova Aurora', 8),
(991, 'Nova Crixás', 8),
(992, 'Nova Glória', 8),
(993, 'Nova Iguaçu de Goiás', 8),
(994, 'Nova Roma', 8),
(995, 'Nova Veneza', 8),
(996, 'Novo Brasil', 8),
(997, 'Novo Gama', 8),
(998, 'Novo Planalto', 8),
(999, 'Orizona', 8),
(1000, 'Ouro Verde de Goiás', 8),
(1001, 'Ouvidor', 8),
(1002, 'Padre Bernardo', 8),
(1003, 'Palestina de Goiás', 8),
(1004, 'Palmeiras de Goiás', 8),
(1005, 'Palmelo', 8),
(1006, 'Palminópolis', 8),
(1007, 'Panamá', 8),
(1008, 'Paranaiguara', 8),
(1009, 'Paraúna', 8),
(1010, 'Perolândia', 8),
(1011, 'Petrolina de Goiás', 8),
(1012, 'Pilar de Goiás', 8),
(1013, 'Piracanjuba', 8),
(1014, 'Piranhas', 8),
(1015, 'Pirenópolis', 8),
(1016, 'Pires do Rio', 8),
(1017, 'Planaltina', 8),
(1018, 'Pontalina', 8),
(1019, 'Porangatu', 8),
(1020, 'Porteirão', 8),
(1021, 'Portelândia', 8),
(1022, 'Posse', 8),
(1023, 'Professor Jamil', 8),
(1024, 'Quirinópolis', 8),
(1025, 'Rialma', 8),
(1026, 'Rianápolis', 8),
(1027, 'Rio Quente', 8),
(1028, 'Rio Verde', 8),
(1029, 'Rubiataba', 8),
(1030, 'Sanclerlândia', 8),
(1031, 'Santa Bárbara de Goiás', 8),
(1032, 'Santa Cruz de Goiás', 8),
(1033, 'Santa Fé de Goiás', 8),
(1034, 'Santa Helena de Goiás', 8),
(1035, 'Santa Isabel', 8),
(1036, 'Santa Rita do Araguaia', 8),
(1037, 'Santa Rita do Novo Destino', 8),
(1038, 'Santa Rosa de Goiás', 8),
(1039, 'Santa Tereza de Goiás', 8),
(1040, 'Santa Terezinha de Goiás', 8),
(1041, 'Santo Antônio da Barra', 8),
(1042, 'Santo Antônio de Goiás', 8),
(1043, 'Santo Antônio do Descoberto', 8),
(1044, 'São Domingos', 8),
(1045, 'São Francisco de Goiás', 8),
(1046, 'São João dAliança', 8),
(1047, 'São João da Paraúna', 8),
(1048, 'São Luís de Montes Belos', 8),
(1049, 'São Luiz do Norte', 8),
(1050, 'São Miguel do Araguaia', 8),
(1051, 'São Miguel do Passa Quatro', 8),
(1052, 'São Patrício', 8),
(1053, 'São Simão', 8),
(1054, 'Senador Canedo', 8),
(1055, 'Serranópolis', 8),
(1056, 'Silvânia', 8),
(1057, 'Simolândia', 8),
(1058, 'Sítio dAbadia', 8),
(1059, 'Taquaral de Goiás', 8),
(1060, 'Teresina de Goiás', 8),
(1061, 'Terezópolis de Goiás', 8),
(1062, 'Três Ranchos', 8),
(1063, 'Trindade', 8),
(1064, 'Trombas', 8),
(1065, 'Turvânia', 8),
(1066, 'Turvelândia', 8),
(1067, 'Uirapuru', 8),
(1068, 'Uruaçu', 8),
(1069, 'Uruana', 8),
(1070, 'Urutaí', 8),
(1071, 'Valparaíso de Goiás', 8),
(1072, 'Varjão', 8),
(1073, 'Vianópolis', 8),
(1074, 'Vicentinópolis', 8),
(1075, 'Vila Boa', 8),
(1076, 'Vila Propício', 8),
(1077, 'Açailândia', 9),
(1078, 'Afonso Cunha', 9),
(1079, 'Água Doce do Maranhão', 9),
(1080, 'Alcântara', 9),
(1081, 'Aldeias Altas', 9),
(1082, 'Altamira do Maranhão', 9),
(1083, 'Alto Alegre do Maranhão', 9),
(1084, 'Alto Alegre do Pindaré', 9),
(1085, 'Alto Parnaíba', 9),
(1086, 'Amapá do Maranhão', 9),
(1087, 'Amarante do Maranhão', 9),
(1088, 'Anajatuba', 9),
(1089, 'Anapurus', 9),
(1090, 'Apicum-Açu', 9),
(1091, 'Araguanã', 9),
(1092, 'Araioses', 9),
(1093, 'Arame', 9),
(1094, 'Arari', 9),
(1095, 'Axixá', 9),
(1096, 'Bacabal', 9),
(1097, 'Bacabeira', 9),
(1098, 'Bacuri', 9),
(1099, 'Bacurituba', 9),
(1100, 'Balsas', 9),
(1101, 'Barão de Grajaú', 9),
(1102, 'Barra do Corda', 9),
(1103, 'Barreirinhas', 9),
(1104, 'Bela Vista do Maranhão', 9),
(1105, 'Belágua', 9),
(1106, 'Benedito Leite', 9),
(1107, 'Bequimão', 9),
(1108, 'Bernardo do Mearim', 9),
(1109, 'Boa Vista do Gurupi', 9),
(1110, 'Bom Jardim', 9),
(1111, 'Bom Jesus das Selvas', 9),
(1112, 'Bom Lugar', 9),
(1113, 'Brejo', 9),
(1114, 'Brejo de Areia', 9),
(1115, 'Buriti', 9),
(1116, 'Buriti Bravo', 9),
(1117, 'Buriticupu', 9),
(1118, 'Buritirana', 9),
(1119, 'Cachoeira Grande', 9),
(1120, 'Cajapió', 9),
(1121, 'Cajari', 9),
(1122, 'Campestre do Maranhão', 9),
(1123, 'Cândido Mendes', 9),
(1124, 'Cantanhede', 9),
(1125, 'Capinzal do Norte', 9),
(1126, 'Carolina', 9),
(1127, 'Carutapera', 9),
(1128, 'Caxias', 9),
(1129, 'Cedral', 9),
(1130, 'Central do Maranhão', 9),
(1131, 'Centro do Guilherme', 9),
(1132, 'Centro Novo do Maranhão', 9),
(1133, 'Chapadinha', 9),
(1134, 'Cidelândia', 9),
(1135, 'Codó', 9),
(1136, 'Coelho Neto', 9),
(1137, 'Colinas', 9),
(1138, 'Conceição do Lago-Açu', 9),
(1139, 'Coroatá', 9),
(1140, 'Cururupu', 9),
(1141, 'Davinópolis', 9),
(1142, 'Dom Pedro', 9),
(1143, 'Duque Bacelar', 9),
(1144, 'Esperantinópolis', 9),
(1145, 'Estreito', 9),
(1146, 'Feira Nova do Maranhão', 9),
(1147, 'Fernando Falcão', 9),
(1148, 'Formosa da Serra Negra', 9),
(1149, 'Fortaleza dos Nogueiras', 9),
(1150, 'Fortuna', 9),
(1151, 'Godofredo Viana', 9),
(1152, 'Gonçalves Dias', 9),
(1153, 'Governador Archer', 9),
(1154, 'Governador Edison Lobão', 9),
(1155, 'Governador Eugênio Barros', 9),
(1156, 'Governador Luiz Rocha', 9),
(1157, 'Governador Newton Bello', 9),
(1158, 'Governador Nunes Freire', 9),
(1159, 'Graça Aranha', 9),
(1160, 'Grajaú', 9),
(1161, 'Guimarães', 9),
(1162, 'Humberto de Campos', 9),
(1163, 'Icatu', 9),
(1164, 'Igarapé do Meio', 9),
(1165, 'Igarapé Grande', 9),
(1166, 'Imperatriz', 9),
(1167, 'Itaipava do Grajaú', 9),
(1168, 'Itapecuru Mirim', 9),
(1169, 'Itinga do Maranhão', 9),
(1170, 'Jatobá', 9),
(1171, 'Jenipapo dos Vieiras', 9),
(1172, 'João Lisboa', 9),
(1173, 'Joselândia', 9),
(1174, 'Junco do Maranhão', 9),
(1175, 'Lago da Pedra', 9),
(1176, 'Lago do Junco', 9),
(1177, 'Lago dos Rodrigues', 9),
(1178, 'Lago Verde', 9),
(1179, 'Lagoa do Mato', 9),
(1180, 'Lagoa Grande do Maranhão', 9),
(1181, 'Lajeado Novo', 9),
(1182, 'Lima Campos', 9),
(1183, 'Loreto', 9),
(1184, 'Luís Domingues', 9),
(1185, 'Magalhães de Almeida', 9),
(1186, 'Maracaçumé', 9),
(1187, 'Marajá do Sena', 9),
(1188, 'Maranhãozinho', 9),
(1189, 'Mata Roma', 9),
(1190, 'Matinha', 9),
(1191, 'Matões', 9),
(1192, 'Matões do Norte', 9),
(1193, 'Milagres do Maranhão', 9),
(1194, 'Mirador', 9),
(1195, 'Miranda do Norte', 9),
(1196, 'Mirinzal', 9),
(1197, 'Monção', 9),
(1198, 'Montes Altos', 9),
(1199, 'Morros', 9),
(1200, 'Nina Rodrigues', 9),
(1201, 'Nova Colinas', 9),
(1202, 'Nova Iorque', 9),
(1203, 'Nova Olinda do Maranhão', 9),
(1204, 'Olho dÁgua das Cunhãs', 9),
(1205, 'Olinda Nova do Maranhão', 9),
(1206, 'Paço do Lumiar', 9),
(1207, 'Palmeirândia', 9),
(1208, 'Paraibano', 9),
(1209, 'Parnarama', 9),
(1210, 'Passagem Franca', 9),
(1211, 'Pastos Bons', 9),
(1212, 'Paulino Neves', 9),
(1213, 'Paulo Ramos', 9),
(1214, 'Pedreiras', 9),
(1215, 'Pedro do Rosário', 9),
(1216, 'Penalva', 9),
(1217, 'Peri Mirim', 9),
(1218, 'Peritoró', 9),
(1219, 'Pindaré-Mirim', 9),
(1220, 'Pinheiro', 9),
(1221, 'Pio XII', 9),
(1222, 'Pirapemas', 9),
(1223, 'Poção de Pedras', 9),
(1224, 'Porto Franco', 9),
(1225, 'Porto Rico do Maranhão', 9),
(1226, 'Presidente Dutra', 9),
(1227, 'Presidente Juscelino', 9),
(1228, 'Presidente Médici', 9),
(1229, 'Presidente Sarney', 9),
(1230, 'Presidente Vargas', 9),
(1231, 'Primeira Cruz', 9),
(1232, 'Raposa', 9),
(1233, 'Riachão', 9),
(1234, 'Ribamar Fiquene', 9),
(1235, 'Rosário', 9),
(1236, 'Sambaíba', 9),
(1237, 'Santa Filomena do Maranhão', 9),
(1238, 'Santa Helena', 9),
(1239, 'Santa Inês', 9),
(1240, 'Santa Luzia', 9),
(1241, 'Santa Luzia do Paruá', 9),
(1242, 'Santa Quitéria do Maranhão', 9),
(1243, 'Santa Rita', 9),
(1244, 'Santana do Maranhão', 9),
(1245, 'Santo Amaro do Maranhão', 9),
(1246, 'Santo Antônio dos Lopes', 9),
(1247, 'São Benedito do Rio Preto', 9),
(1248, 'São Bento', 9),
(1249, 'São Bernardo', 9),
(1250, 'São Domingos do Azeitão', 9),
(1251, 'São Domingos do Maranhão', 9),
(1252, 'São Félix de Balsas', 9),
(1253, 'São Francisco do Brejão', 9),
(1254, 'São Francisco do Maranhão', 9),
(1255, 'São João Batista', 9),
(1256, 'São João do Carú', 9),
(1257, 'São João do Paraíso', 9),
(1258, 'São João do Soter', 9),
(1259, 'São João dos Patos', 9),
(1260, 'São José de Ribamar', 9),
(1261, 'São José dos Basílios', 9),
(1262, 'São Luís', 9),
(1263, 'São Luís Gonzaga do Maranhão', 9),
(1264, 'São Mateus do Maranhão', 9),
(1265, 'São Pedro da Água Branca', 9),
(1266, 'São Pedro dos Crentes', 9),
(1267, 'São Raimundo das Mangabeiras', 9),
(1268, 'São Raimundo do Doca Bezerra', 9),
(1269, 'São Roberto', 9),
(1270, 'São Vicente Ferrer', 9),
(1271, 'Satubinha', 9),
(1272, 'Senador Alexandre Costa', 9),
(1273, 'Senador La Rocque', 9),
(1274, 'Serrano do Maranhão', 9),
(1275, 'Sítio Novo', 9),
(1276, 'Sucupira do Norte', 9),
(1277, 'Sucupira do Riachão', 9),
(1278, 'Tasso Fragoso', 9),
(1279, 'Timbiras', 9),
(1280, 'Timon', 9),
(1281, 'Trizidela do Vale', 9),
(1282, 'Tufilândia', 9),
(1283, 'Tuntum', 9),
(1284, 'Turiaçu', 9),
(1285, 'Turilândia', 9),
(1286, 'Tutóia', 9),
(1287, 'Urbano Santos', 9),
(1288, 'Vargem Grande', 9),
(1289, 'Viana', 9),
(1290, 'Vila Nova dos Martírios', 9),
(1291, 'Vitória do Mearim', 9),
(1292, 'Vitorino Freire', 9),
(1293, 'Zé Doca', 9),
(1294, 'Abadia dos Dourados', 10),
(1295, 'Abaeté', 10),
(1296, 'Abre Campo', 10),
(1297, 'Acaiaca', 10),
(1298, 'Açucena', 10),
(1299, 'Água Boa', 10),
(1300, 'Água Comprida', 10),
(1301, 'Aguanil', 10),
(1302, 'Águas Formosas', 10),
(1303, 'Águas Vermelhas', 10),
(1304, 'Aimorés', 10),
(1305, 'Aiuruoca', 10),
(1306, 'Alagoa', 10),
(1307, 'Albertina', 10),
(1308, 'Além Paraíba', 10),
(1309, 'Alfenas', 10),
(1310, 'Alfredo Vasconcelos', 10),
(1311, 'Almenara', 10),
(1312, 'Alpercata', 10),
(1313, 'Alpinópolis', 10),
(1314, 'Alterosa', 10),
(1315, 'Alto Caparaó', 10),
(1316, 'Alto Jequitibá', 10),
(1317, 'Alto Rio Doce', 10),
(1318, 'Alvarenga', 10),
(1319, 'Alvinópolis', 10),
(1320, 'Alvorada de Minas', 10),
(1321, 'Amparo do Serra', 10),
(1322, 'Andradas', 10),
(1323, 'Andrelândia', 10),
(1324, 'Angelândia', 10),
(1325, 'Antônio Carlos', 10),
(1326, 'Antônio Dias', 10),
(1327, 'Antônio Prado de Minas', 10),
(1328, 'Araçaí', 10),
(1329, 'Aracitaba', 10),
(1330, 'Araçuaí', 10),
(1331, 'Araguari', 10),
(1332, 'Arantina', 10),
(1333, 'Araponga', 10),
(1334, 'Araporã', 10),
(1335, 'Arapuá', 10),
(1336, 'Araújos', 10),
(1337, 'Araxá', 10),
(1338, 'Arceburgo', 10),
(1339, 'Arcos', 10),
(1340, 'Areado', 10),
(1341, 'Argirita', 10),
(1342, 'Aricanduva', 10),
(1343, 'Arinos', 10),
(1344, 'Astolfo Dutra', 10),
(1345, 'Ataléia', 10),
(1346, 'Augusto de Lima', 10),
(1347, 'Baependi', 10),
(1348, 'Baldim', 10),
(1349, 'Bambuí', 10),
(1350, 'Bandeira', 10),
(1351, 'Bandeira do Sul', 10),
(1352, 'Barão de Cocais', 10),
(1353, 'Barão de Monte Alto', 10),
(1354, 'Barbacena', 10),
(1355, 'Barra Longa', 10),
(1356, 'Barroso', 10),
(1357, 'Bela Vista de Minas', 10),
(1358, 'Belmiro Braga', 10),
(1359, 'Belo Horizonte', 10),
(1360, 'Belo Oriente', 10),
(1361, 'Belo Vale', 10),
(1362, 'Berilo', 10),
(1363, 'Berizal', 10),
(1364, 'Bertópolis', 10),
(1365, 'Betim', 10),
(1366, 'Bias Fortes', 10),
(1367, 'Bicas', 10),
(1368, 'Biquinhas', 10),
(1369, 'Boa Esperança', 10),
(1370, 'Bocaina de Minas', 10),
(1371, 'Bocaiúva', 10),
(1372, 'Bom Despacho', 10),
(1373, 'Bom Jardim de Minas', 10),
(1374, 'Bom Jesus da Penha', 10),
(1375, 'Bom Jesus do Amparo', 10),
(1376, 'Bom Jesus do Galho', 10),
(1377, 'Bom Repouso', 10),
(1378, 'Bom Sucesso', 10),
(1379, 'Bonfim', 10),
(1380, 'Bonfinópolis de Minas', 10),
(1381, 'Bonito de Minas', 10),
(1382, 'Borda da Mata', 10),
(1383, 'Botelhos', 10),
(1384, 'Botumirim', 10),
(1385, 'Brás Pires', 10),
(1386, 'Brasilândia de Minas', 10),
(1387, 'Brasília de Minas', 10),
(1388, 'Brasópolis', 10),
(1389, 'Braúnas', 10),
(1390, 'Brumadinho', 10),
(1391, 'Bueno Brandão', 10),
(1392, 'Buenópolis', 10),
(1393, 'Bugre', 10),
(1394, 'Buritis', 10),
(1395, 'Buritizeiro', 10),
(1396, 'Cabeceira Grande', 10),
(1397, 'Cabo Verde', 10),
(1398, 'Cachoeira da Prata', 10),
(1399, 'Cachoeira de Minas', 10),
(1400, 'Cachoeira de Pajeú', 10),
(1401, 'Cachoeira Dourada', 10),
(1402, 'Caetanópolis', 10),
(1403, 'Caeté', 10),
(1404, 'Caiana', 10),
(1405, 'Cajuri', 10),
(1406, 'Caldas', 10),
(1407, 'Camacho', 10),
(1408, 'Camanducaia', 10),
(1409, 'Cambuí', 10),
(1410, 'Cambuquira', 10),
(1411, 'Campanário', 10),
(1412, 'Campanha', 10),
(1413, 'Campestre', 10),
(1414, 'Campina Verde', 10),
(1415, 'Campo Azul', 10),
(1416, 'Campo Belo', 10),
(1417, 'Campo do Meio', 10),
(1418, 'Campo Florido', 10),
(1419, 'Campos Altos', 10),
(1420, 'Campos Gerais', 10),
(1421, 'Cana Verde', 10),
(1422, 'Canaã', 10),
(1423, 'Canápolis', 10),
(1424, 'Candeias', 10),
(1425, 'Cantagalo', 10),
(1426, 'Caparaó', 10),
(1427, 'Capela Nova', 10),
(1428, 'Capelinha', 10),
(1429, 'Capetinga', 10),
(1430, 'Capim Branco', 10),
(1431, 'Capinópolis', 10),
(1432, 'Capitão Andrade', 10),
(1433, 'Capitão Enéas', 10),
(1434, 'Capitólio', 10),
(1435, 'Caputira', 10),
(1436, 'Caraí', 10),
(1437, 'Caranaíba', 10),
(1438, 'Carandaí', 10),
(1439, 'Carangola', 10),
(1440, 'Caratinga', 10),
(1441, 'Carbonita', 10),
(1442, 'Careaçu', 10),
(1443, 'Carlos Chagas', 10),
(1444, 'Carmésia', 10),
(1445, 'Carmo da Cachoeira', 10),
(1446, 'Carmo da Mata', 10),
(1447, 'Carmo de Minas', 10),
(1448, 'Carmo do Cajuru', 10),
(1449, 'Carmo do Paranaíba', 10),
(1450, 'Carmo do Rio Claro', 10),
(1451, 'Carmópolis de Minas', 10),
(1452, 'Carneirinho', 10),
(1453, 'Carrancas', 10),
(1454, 'Carvalhópolis', 10),
(1455, 'Carvalhos', 10),
(1456, 'Casa Grande', 10),
(1457, 'Cascalho Rico', 10),
(1458, 'Cássia', 10),
(1459, 'Cataguases', 10),
(1460, 'Catas Altas', 10),
(1461, 'Catas Altas da Noruega', 10),
(1462, 'Catuji', 10),
(1463, 'Catuti', 10),
(1464, 'Caxambu', 10),
(1465, 'Cedro do Abaeté', 10),
(1466, 'Central de Minas', 10),
(1467, 'Centralina', 10),
(1468, 'Chácara', 10),
(1469, 'Chalé', 10),
(1470, 'Chapada do Norte', 10),
(1471, 'Chapada Gaúcha', 10),
(1472, 'Chiador', 10),
(1473, 'Cipotânea', 10),
(1474, 'Claraval', 10),
(1475, 'Claro dos Poções', 10),
(1476, 'Cláudio', 10),
(1477, 'Coimbra', 10),
(1478, 'Coluna', 10),
(1479, 'Comendador Gomes', 10),
(1480, 'Comercinho', 10),
(1481, 'Conceição da Aparecida', 10),
(1482, 'Conceição da Barra de Minas', 10),
(1483, 'Conceição das Alagoas', 10),
(1484, 'Conceição das Pedras', 10),
(1485, 'Conceição de Ipanema', 10),
(1486, 'Conceição do Mato Dentro', 10),
(1487, 'Conceição do Pará', 10),
(1488, 'Conceição do Rio Verde', 10),
(1489, 'Conceição dos Ouros', 10),
(1490, 'Cônego Marinho', 10),
(1491, 'Confins', 10),
(1492, 'Congonhal', 10),
(1493, 'Congonhas', 10),
(1494, 'Congonhas do Norte', 10),
(1495, 'Conquista', 10),
(1496, 'Conselheiro Lafaiete', 10),
(1497, 'Conselheiro Pena', 10),
(1498, 'Consolação', 10),
(1499, 'Contagem', 10),
(1500, 'Coqueiral', 10),
(1501, 'Coração de Jesus', 10),
(1502, 'Cordisburgo', 10),
(1503, 'Cordislândia', 10),
(1504, 'Corinto', 10),
(1505, 'Coroaci', 10),
(1506, 'Coromandel', 10),
(1507, 'Coronel Fabriciano', 10),
(1508, 'Coronel Murta', 10),
(1509, 'Coronel Pacheco', 10),
(1510, 'Coronel Xavier Chaves', 10),
(1511, 'Córrego Danta', 10),
(1512, 'Córrego do Bom Jesus', 10),
(1513, 'Córrego Fundo', 10),
(1514, 'Córrego Novo', 10),
(1515, 'Couto de Magalhães de Minas', 10),
(1516, 'Crisólita', 10),
(1517, 'Cristais', 10),
(1518, 'Cristália', 10),
(1519, 'Cristiano Otoni', 10),
(1520, 'Cristina', 10),
(1521, 'Crucilândia', 10),
(1522, 'Cruzeiro da Fortaleza', 10),
(1523, 'Cruzília', 10),
(1524, 'Cuparaque', 10),
(1525, 'Curral de Dentro', 10),
(1526, 'Curvelo', 10),
(1527, 'Datas', 10),
(1528, 'Delfim Moreira', 10),
(1529, 'Delfinópolis', 10),
(1530, 'Delta', 10),
(1531, 'Descoberto', 10),
(1532, 'Desterro de Entre Rios', 10),
(1533, 'Desterro do Melo', 10),
(1534, 'Diamantina', 10),
(1535, 'Diogo de Vasconcelos', 10),
(1536, 'Dionísio', 10),
(1537, 'Divinésia', 10),
(1538, 'Divino', 10),
(1539, 'Divino das Laranjeiras', 10),
(1540, 'Divinolândia de Minas', 10),
(1541, 'Divinópolis', 10),
(1542, 'Divisa Alegre', 10),
(1543, 'Divisa Nova', 10),
(1544, 'Divisópolis', 10),
(1545, 'Dom Bosco', 10),
(1546, 'Dom Cavati', 10),
(1547, 'Dom Joaquim', 10),
(1548, 'Dom Silvério', 10),
(1549, 'Dom Viçoso', 10),
(1550, 'Dona Eusébia', 10),
(1551, 'Dores de Campos', 10),
(1552, 'Dores de Guanhães', 10),
(1553, 'Dores do Indaiá', 10),
(1554, 'Dores do Turvo', 10),
(1555, 'Doresópolis', 10),
(1556, 'Douradoquara', 10),
(1557, 'Durandé', 10),
(1558, 'Elói Mendes', 10),
(1559, 'Engenheiro Caldas', 10),
(1560, 'Engenheiro Navarro', 10),
(1561, 'Entre Folhas', 10),
(1562, 'Entre Rios de Minas', 10),
(1563, 'Ervália', 10),
(1564, 'Esmeraldas', 10),
(1565, 'Espera Feliz', 10),
(1566, 'Espinosa', 10),
(1567, 'Espírito Santo do Dourado', 10),
(1568, 'Estiva', 10),
(1569, 'Estrela Dalva', 10),
(1570, 'Estrela do Indaiá', 10),
(1571, 'Estrela do Sul', 10),
(1572, 'Eugenópolis', 10),
(1573, 'Ewbank da Câmara', 10),
(1574, 'Extrema', 10),
(1575, 'Fama', 10),
(1576, 'Faria Lemos', 10),
(1577, 'Felício dos Santos', 10),
(1578, 'Felisburgo', 10),
(1579, 'Felixlândia', 10),
(1580, 'Fernandes Tourinho', 10),
(1581, 'Ferros', 10),
(1582, 'Fervedouro', 10),
(1583, 'Florestal', 10),
(1584, 'Formiga', 10),
(1585, 'Formoso', 10),
(1586, 'Fortaleza de Minas', 10),
(1587, 'Fortuna de Minas', 10),
(1588, 'Francisco Badaró', 10),
(1589, 'Francisco Dumont', 10),
(1590, 'Francisco Sá', 10),
(1591, 'Franciscópolis', 10),
(1592, 'Frei Gaspar', 10),
(1593, 'Frei Inocêncio', 10),
(1594, 'Frei Lagonegro', 10),
(1595, 'Fronteira', 10),
(1596, 'Fronteira dos Vales', 10),
(1597, 'Fruta de Leite', 10),
(1598, 'Frutal', 10),
(1599, 'Funilândia', 10),
(1600, 'Galiléia', 10),
(1601, 'Gameleiras', 10),
(1602, 'Glaucilândia', 10),
(1603, 'Goiabeira', 10),
(1604, 'Goianá', 10),
(1605, 'Gonçalves', 10),
(1606, 'Gonzaga', 10),
(1607, 'Gouveia', 10),
(1608, 'Governador Valadares', 10),
(1609, 'Grão Mogol', 10),
(1610, 'Grupiara', 10),
(1611, 'Guanhães', 10),
(1612, 'Guapé', 10),
(1613, 'Guaraciaba', 10),
(1614, 'Guaraciama', 10),
(1615, 'Guaranésia', 10),
(1616, 'Guarani', 10),
(1617, 'Guarará', 10),
(1618, 'Guarda-Mor', 10),
(1619, 'Guaxupé', 10),
(1620, 'Guidoval', 10),
(1621, 'Guimarânia', 10),
(1622, 'Guiricema', 10),
(1623, 'Gurinhatã', 10),
(1624, 'Heliodora', 10),
(1625, 'Iapu', 10),
(1626, 'Ibertioga', 10),
(1627, 'Ibiá', 10),
(1628, 'Ibiaí', 10),
(1629, 'Ibiracatu', 10),
(1630, 'Ibiraci', 10),
(1631, 'Ibirité', 10),
(1632, 'Ibitiúra de Minas', 10),
(1633, 'Ibituruna', 10),
(1634, 'Icaraí de Minas', 10),
(1635, 'Igarapé', 10),
(1636, 'Igaratinga', 10),
(1637, 'Iguatama', 10),
(1638, 'Ijaci', 10),
(1639, 'Ilicínea', 10),
(1640, 'Imbé de Minas', 10),
(1641, 'Inconfidentes', 10),
(1642, 'Indaiabira', 10),
(1643, 'Indianópolis', 10),
(1644, 'Ingaí', 10),
(1645, 'Inhapim', 10),
(1646, 'Inhaúma', 10),
(1647, 'Inimutaba', 10),
(1648, 'Ipaba', 10),
(1649, 'Ipanema', 10),
(1650, 'Ipatinga', 10),
(1651, 'Ipiaçu', 10),
(1652, 'Ipuiúna', 10),
(1653, 'Iraí de Minas', 10),
(1654, 'Itabira', 10),
(1655, 'Itabirinha', 10),
(1656, 'Itabirito', 10),
(1657, 'Itacambira', 10),
(1658, 'Itacarambi', 10),
(1659, 'Itaguara', 10),
(1660, 'Itaipé', 10),
(1661, 'Itajubá', 10),
(1662, 'Itamarandiba', 10),
(1663, 'Itamarati de Minas', 10),
(1664, 'Itambacuri', 10),
(1665, 'Itambé do Mato Dentro', 10),
(1666, 'Itamogi', 10),
(1667, 'Itamonte', 10),
(1668, 'Itanhandu', 10),
(1669, 'Itanhomi', 10),
(1670, 'Itaobim', 10),
(1671, 'Itapagipe', 10),
(1672, 'Itapecerica', 10),
(1673, 'Itapeva', 10),
(1674, 'Itatiaiuçu', 10),
(1675, 'Itaú de Minas', 10),
(1676, 'Itaúna', 10),
(1677, 'Itaverava', 10),
(1678, 'Itinga', 10),
(1679, 'Itueta', 10),
(1680, 'Ituiutaba', 10),
(1681, 'Itumirim', 10),
(1682, 'Iturama', 10),
(1683, 'Itutinga', 10),
(1684, 'Jaboticatubas', 10),
(1685, 'Jacinto', 10),
(1686, 'Jacuí', 10),
(1687, 'Jacutinga', 10),
(1688, 'Jaguaraçu', 10),
(1689, 'Jaíba', 10),
(1690, 'Jampruca', 10),
(1691, 'Janaúba', 10),
(1692, 'Januária', 10),
(1693, 'Japaraíba', 10),
(1694, 'Japonvar', 10),
(1695, 'Jeceaba', 10),
(1696, 'Jenipapo de Minas', 10),
(1697, 'Jequeri', 10),
(1698, 'Jequitaí', 10),
(1699, 'Jequitibá', 10),
(1700, 'Jequitinhonha', 10),
(1701, 'Jesuânia', 10),
(1702, 'Joaíma', 10),
(1703, 'Joanésia', 10),
(1704, 'João Monlevade', 10),
(1705, 'João Pinheiro', 10),
(1706, 'Joaquim Felício', 10),
(1707, 'Jordânia', 10),
(1708, 'José Gonçalves de Minas', 10),
(1709, 'José Raydan', 10),
(1710, 'Josenópolis', 10),
(1711, 'Juatuba', 10),
(1712, 'Juiz de Fora', 10),
(1713, 'Juramento', 10),
(1714, 'Juruaia', 10),
(1715, 'Juvenília', 10),
(1716, 'Ladainha', 10),
(1717, 'Lagamar', 10),
(1718, 'Lagoa da Prata', 10),
(1719, 'Lagoa dos Patos', 10),
(1720, 'Lagoa Dourada', 10),
(1721, 'Lagoa Formosa', 10),
(1722, 'Lagoa Grande', 10),
(1723, 'Lagoa Santa', 10),
(1724, 'Lajinha', 10),
(1725, 'Lambari', 10),
(1726, 'Lamim', 10),
(1727, 'Laranjal', 10),
(1728, 'Lassance', 10),
(1729, 'Lavras', 10),
(1730, 'Leandro Ferreira', 10),
(1731, 'Leme do Prado', 10),
(1732, 'Leopoldina', 10),
(1733, 'Liberdade', 10),
(1734, 'Lima Duarte', 10),
(1735, 'Limeira do Oeste', 10),
(1736, 'Lontra', 10),
(1737, 'Luisburgo', 10),
(1738, 'Luislândia', 10),
(1739, 'Luminárias', 10),
(1740, 'Luz', 10),
(1741, 'Machacalis', 10),
(1742, 'Machado', 10),
(1743, 'Madre de Deus de Minas', 10),
(1744, 'Malacacheta', 10),
(1745, 'Mamonas', 10),
(1746, 'Manga', 10),
(1747, 'Manhuaçu', 10),
(1748, 'Manhumirim', 10),
(1749, 'Mantena', 10),
(1750, 'Mar de Espanha', 10),
(1751, 'Maravilhas', 10),
(1752, 'Maria da Fé', 10),
(1753, 'Mariana', 10),
(1754, 'Marilac', 10),
(1755, 'Mário Campos', 10),
(1756, 'Maripá de Minas', 10),
(1757, 'Marliéria', 10),
(1758, 'Marmelópolis', 10),
(1759, 'Martinho Campos', 10),
(1760, 'Martins Soares', 10),
(1761, 'Mata Verde', 10),
(1762, 'Materlândia', 10),
(1763, 'Mateus Leme', 10),
(1764, 'Mathias Lobato', 10),
(1765, 'Matias Barbosa', 10),
(1766, 'Matias Cardoso', 10),
(1767, 'Matipó', 10),
(1768, 'Mato Verde', 10),
(1769, 'Matozinhos', 10),
(1770, 'Matutina', 10),
(1771, 'Medeiros', 10),
(1772, 'Medina', 10),
(1773, 'Mendes Pimentel', 10),
(1774, 'Mercês', 10),
(1775, 'Mesquita', 10),
(1776, 'Minas Novas', 10),
(1777, 'Minduri', 10),
(1778, 'Mirabela', 10),
(1779, 'Miradouro', 10),
(1780, 'Miraí', 10),
(1781, 'Miravânia', 10),
(1782, 'Moeda', 10),
(1783, 'Moema', 10),
(1784, 'Monjolos', 10),
(1785, 'Monsenhor Paulo', 10),
(1786, 'Montalvânia', 10),
(1787, 'Monte Alegre de Minas', 10),
(1788, 'Monte Azul', 10),
(1789, 'Monte Belo', 10),
(1790, 'Monte Carmelo', 10),
(1791, 'Monte Formoso', 10),
(1792, 'Monte Santo de Minas', 10),
(1793, 'Monte Sião', 10),
(1794, 'Montes Claros', 10),
(1795, 'Montezuma', 10),
(1796, 'Morada Nova de Minas', 10),
(1797, 'Morro da Garça', 10),
(1798, 'Morro do Pilar', 10),
(1799, 'Munhoz', 10),
(1800, 'Muriaé', 10),
(1801, 'Mutum', 10),
(1802, 'Muzambinho', 10),
(1803, 'Nacip Raydan', 10),
(1804, 'Nanuque', 10),
(1805, 'Naque', 10),
(1806, 'Natalândia', 10),
(1807, 'Natércia', 10),
(1808, 'Nazareno', 10),
(1809, 'Nepomuceno', 10),
(1810, 'Ninheira', 10),
(1811, 'Nova Belém', 10),
(1812, 'Nova Era', 10),
(1813, 'Nova Lima', 10),
(1814, 'Nova Módica', 10),
(1815, 'Nova Ponte', 10),
(1816, 'Nova Porteirinha', 10),
(1817, 'Nova Resende', 10),
(1818, 'Nova Serrana', 10),
(1819, 'Nova União', 10),
(1820, 'Novo Cruzeiro', 10),
(1821, 'Novo Oriente de Minas', 10),
(1822, 'Novorizonte', 10),
(1823, 'Olaria', 10),
(1824, 'Olhos-dÁgua', 10),
(1825, 'Olímpio Noronha', 10),
(1826, 'Oliveira', 10),
(1827, 'Oliveira Fortes', 10),
(1828, 'Onça de Pitangui', 10),
(1829, 'Oratórios', 10),
(1830, 'Orizânia', 10),
(1831, 'Ouro Branco', 10),
(1832, 'Ouro Fino', 10),
(1833, 'Ouro Preto', 10),
(1834, 'Ouro Verde de Minas', 10),
(1835, 'Padre Carvalho', 10),
(1836, 'Padre Paraíso', 10),
(1837, 'Pai Pedro', 10),
(1838, 'Paineiras', 10),
(1839, 'Pains', 10),
(1840, 'Paiva', 10),
(1841, 'Palma', 10),
(1842, 'Palmópolis', 10),
(1843, 'Papagaios', 10),
(1844, 'Pará de Minas', 10),
(1845, 'Paracatu', 10),
(1846, 'Paraguaçu', 10),
(1847, 'Paraisópolis', 10),
(1848, 'Paraopeba', 10),
(1849, 'Passa Quatro', 10),
(1850, 'Passa Tempo', 10),
(1851, 'Passa-Vinte', 10),
(1852, 'Passabém', 10),
(1853, 'Passos', 10),
(1854, 'Patis', 10),
(1855, 'Patos de Minas', 10),
(1856, 'Patrocínio', 10),
(1857, 'Patrocínio do Muriaé', 10),
(1858, 'Paula Cândido', 10),
(1859, 'Paulistas', 10),
(1860, 'Pavão', 10),
(1861, 'Peçanha', 10),
(1862, 'Pedra Azul', 10),
(1863, 'Pedra Bonita', 10),
(1864, 'Pedra do Anta', 10),
(1865, 'Pedra do Indaiá', 10),
(1866, 'Pedra Dourada', 10),
(1867, 'Pedralva', 10),
(1868, 'Pedras de Maria da Cruz', 10),
(1869, 'Pedrinópolis', 10),
(1870, 'Pedro Leopoldo', 10),
(1871, 'Pedro Teixeira', 10),
(1872, 'Pequeri', 10),
(1873, 'Pequi', 10),
(1874, 'Perdigão', 10),
(1875, 'Perdizes', 10),
(1876, 'Perdões', 10),
(1877, 'Periquito', 10),
(1878, 'Pescador', 10),
(1879, 'Piau', 10),
(1880, 'Piedade de Caratinga', 10),
(1881, 'Piedade de Ponte Nova', 10),
(1882, 'Piedade do Rio Grande', 10),
(1883, 'Piedade dos Gerais', 10),
(1884, 'Pimenta', 10),
(1885, 'Pingo-dÁgua', 10),
(1886, 'Pintópolis', 10),
(1887, 'Piracema', 10),
(1888, 'Pirajuba', 10),
(1889, 'Piranga', 10),
(1890, 'Piranguçu', 10),
(1891, 'Piranguinho', 10),
(1892, 'Pirapetinga', 10),
(1893, 'Pirapora', 10),
(1894, 'Piraúba', 10),
(1895, 'Pitangui', 10),
(1896, 'Piumhi', 10),
(1897, 'Planura', 10),
(1898, 'Poço Fundo', 10),
(1899, 'Poços de Caldas', 10),
(1900, 'Pocrane', 10),
(1901, 'Pompéu', 10),
(1902, 'Ponte Nova', 10),
(1903, 'Ponto Chique', 10),
(1904, 'Ponto dos Volantes', 10),
(1905, 'Porteirinha', 10),
(1906, 'Porto Firme', 10),
(1907, 'Poté', 10),
(1908, 'Pouso Alegre', 10),
(1909, 'Pouso Alto', 10),
(1910, 'Prados', 10),
(1911, 'Prata', 10),
(1912, 'Pratápolis', 10),
(1913, 'Pratinha', 10),
(1914, 'Presidente Bernardes', 10),
(1915, 'Presidente Juscelino', 10),
(1916, 'Presidente Kubitschek', 10),
(1917, 'Presidente Olegário', 10),
(1918, 'Prudente de Morais', 10),
(1919, 'Quartel Geral', 10),
(1920, 'Queluzito', 10),
(1921, 'Raposos', 10),
(1922, 'Raul Soares', 10),
(1923, 'Recreio', 10),
(1924, 'Reduto', 10),
(1925, 'Resende Costa', 10),
(1926, 'Resplendor', 10),
(1927, 'Ressaquinha', 10),
(1928, 'Riachinho', 10),
(1929, 'Riacho dos Machados', 10),
(1930, 'Ribeirão das Neves', 10),
(1931, 'Ribeirão Vermelho', 10),
(1932, 'Rio Acima', 10),
(1933, 'Rio Casca', 10),
(1934, 'Rio do Prado', 10),
(1935, 'Rio Doce', 10),
(1936, 'Rio Espera', 10),
(1937, 'Rio Manso', 10),
(1938, 'Rio Novo', 10),
(1939, 'Rio Paranaíba', 10),
(1940, 'Rio Pardo de Minas', 10),
(1941, 'Rio Piracicaba', 10),
(1942, 'Rio Pomba', 10),
(1943, 'Rio Preto', 10),
(1944, 'Rio Vermelho', 10),
(1945, 'Ritápolis', 10),
(1946, 'Rochedo de Minas', 10),
(1947, 'Rodeiro', 10),
(1948, 'Romaria', 10),
(1949, 'Rosário da Limeira', 10),
(1950, 'Rubelita', 10),
(1951, 'Rubim', 10),
(1952, 'Sabará', 10),
(1953, 'Sabinópolis', 10),
(1954, 'Sacramento', 10),
(1955, 'Salinas', 10),
(1956, 'Salto da Divisa', 10),
(1957, 'Santa Bárbara', 10),
(1958, 'Santa Bárbara do Leste', 10),
(1959, 'Santa Bárbara do Monte Verde', 10),
(1960, 'Santa Bárbara do Tugúrio', 10),
(1961, 'Santa Cruz de Minas', 10),
(1962, 'Santa Cruz de Salinas', 10),
(1963, 'Santa Cruz do Escalvado', 10),
(1964, 'Santa Efigênia de Minas', 10),
(1965, 'Santa Fé de Minas', 10),
(1966, 'Santa Helena de Minas', 10),
(1967, 'Santa Juliana', 10),
(1968, 'Santa Luzia', 10),
(1969, 'Santa Margarida', 10),
(1970, 'Santa Maria de Itabira', 10),
(1971, 'Santa Maria do Salto', 10),
(1972, 'Santa Maria do Suaçuí', 10),
(1973, 'Santa Rita de Caldas', 10),
(1974, 'Santa Rita de Ibitipoca', 10),
(1975, 'Santa Rita de Jacutinga', 10),
(1976, 'Santa Rita de Minas', 10),
(1977, 'Santa Rita do Itueto', 10),
(1978, 'Santa Rita do Sapucaí', 10),
(1979, 'Santa Rosa da Serra', 10),
(1980, 'Santa Vitória', 10),
(1981, 'Santana da Vargem', 10),
(1982, 'Santana de Cataguases', 10),
(1983, 'Santana de Pirapama', 10),
(1984, 'Santana do Deserto', 10),
(1985, 'Santana do Garambéu', 10),
(1986, 'Santana do Jacaré', 10),
(1987, 'Santana do Manhuaçu', 10),
(1988, 'Santana do Paraíso', 10),
(1989, 'Santana do Riacho', 10),
(1990, 'Santana dos Montes', 10),
(1991, 'Santo Antônio do Amparo', 10),
(1992, 'Santo Antônio do Aventureiro', 10),
(1993, 'Santo Antônio do Grama', 10),
(1994, 'Santo Antônio do Itambé', 10),
(1995, 'Santo Antônio do Jacinto', 10),
(1996, 'Santo Antônio do Monte', 10),
(1997, 'Santo Antônio do Retiro', 10),
(1998, 'Santo Antônio do Rio Abaixo', 10),
(1999, 'Santo Hipólito', 10),
(2000, 'Santos Dumont', 10),
(2001, 'São Bento Abade', 10),
(2002, 'São Brás do Suaçuí', 10),
(2003, 'São Domingos das Dores', 10),
(2004, 'São Domingos do Prata', 10),
(2005, 'São Félix de Minas', 10),
(2006, 'São Francisco', 10),
(2007, 'São Francisco de Paula', 10),
(2008, 'São Francisco de Sales', 10),
(2009, 'São Francisco do Glória', 10),
(2010, 'São Geraldo', 10),
(2011, 'São Geraldo da Piedade', 10),
(2012, 'São Geraldo do Baixio', 10),
(2013, 'São Gonçalo do Abaeté', 10),
(2014, 'São Gonçalo do Pará', 10),
(2015, 'São Gonçalo do Rio Abaixo', 10),
(2016, 'São Gonçalo do Rio Preto', 10),
(2017, 'São Gonçalo do Sapucaí', 10),
(2018, 'São Gotardo', 10),
(2019, 'São João Batista do Glória', 10),
(2020, 'São João da Lagoa', 10),
(2021, 'São João da Mata', 10),
(2022, 'São João da Ponte', 10),
(2023, 'São João das Missões', 10),
(2024, 'São João del Rei', 10),
(2025, 'São João do Manhuaçu', 10),
(2026, 'São João do Manteninha', 10),
(2027, 'São João do Oriente', 10),
(2028, 'São João do Pacuí', 10),
(2029, 'São João do Paraíso', 10),
(2030, 'São João Evangelista', 10),
(2031, 'São João Nepomuceno', 10),
(2032, 'São Joaquim de Bicas', 10),
(2033, 'São José da Barra', 10),
(2034, 'São José da Lapa', 10),
(2035, 'São José da Safira', 10),
(2036, 'São José da Varginha', 10),
(2037, 'São José do Alegre', 10),
(2038, 'São José do Divino', 10),
(2039, 'São José do Goiabal', 10),
(2040, 'São José do Jacuri', 10),
(2041, 'São José do Mantimento', 10),
(2042, 'São Lourenço', 10),
(2043, 'São Miguel do Anta', 10),
(2044, 'São Pedro da União', 10),
(2045, 'São Pedro do Suaçuí', 10),
(2046, 'São Pedro dos Ferros', 10),
(2047, 'São Romão', 10),
(2048, 'São Roque de Minas', 10),
(2049, 'São Sebastião da Bela Vista', 10),
(2050, 'São Sebastião da Vargem Alegre', 10),
(2051, 'São Sebastião do Anta', 10),
(2052, 'São Sebastião do Maranhão', 10),
(2053, 'São Sebastião do Oeste', 10),
(2054, 'São Sebastião do Paraíso', 10),
(2055, 'São Sebastião do Rio Preto', 10);
INSERT INTO `cidade` (`id_cidade`, `nome_cidade`, `id_estado`) VALUES
(2056, 'São Sebastião do Rio Verde', 10),
(2057, 'São Thomé das Letras', 10),
(2058, 'São Tiago', 10),
(2059, 'São Tomás de Aquino', 10),
(2060, 'São Vicente de Minas', 10),
(2061, 'Sapucaí-Mirim', 10),
(2062, 'Sardoá', 10),
(2063, 'Sarzedo', 10),
(2064, 'Sem-Peixe', 10),
(2065, 'Senador Amaral', 10),
(2066, 'Senador Cortes', 10),
(2067, 'Senador Firmino', 10),
(2068, 'Senador José Bento', 10),
(2069, 'Senador Modestino Gonçalves', 10),
(2070, 'Senhora de Oliveira', 10),
(2071, 'Senhora do Porto', 10),
(2072, 'Senhora dos Remédios', 10),
(2073, 'Sericita', 10),
(2074, 'Seritinga', 10),
(2075, 'Serra Azul de Minas', 10),
(2076, 'Serra da Saudade', 10),
(2077, 'Serra do Salitre', 10),
(2078, 'Serra dos Aimorés', 10),
(2079, 'Serrania', 10),
(2080, 'Serranópolis de Minas', 10),
(2081, 'Serranos', 10),
(2082, 'Serro', 10),
(2083, 'Sete Lagoas', 10),
(2084, 'Setubinha', 10),
(2085, 'Silveirânia', 10),
(2086, 'Silvianópolis', 10),
(2087, 'Simão Pereira', 10),
(2088, 'Simonésia', 10),
(2089, 'Sobrália', 10),
(2090, 'Soledade de Minas', 10),
(2091, 'Tabuleiro', 10),
(2092, 'Taiobeiras', 10),
(2093, 'Taparuba', 10),
(2094, 'Tapira', 10),
(2095, 'Tapiraí', 10),
(2096, 'Taquaraçu de Minas', 10),
(2097, 'Tarumirim', 10),
(2098, 'Teixeiras', 10),
(2099, 'Teófilo Otoni', 10),
(2100, 'Timóteo', 10),
(2101, 'Tiradentes', 10),
(2102, 'Tiros', 10),
(2103, 'Tocantins', 10),
(2104, 'Tocos do Moji', 10),
(2105, 'Toledo', 10),
(2106, 'Tombos', 10),
(2107, 'Três Corações', 10),
(2108, 'Três Marias', 10),
(2109, 'Três Pontas', 10),
(2110, 'Tumiritinga', 10),
(2111, 'Tupaciguara', 10),
(2112, 'Turmalina', 10),
(2113, 'Turvolândia', 10),
(2114, 'Ubá', 10),
(2115, 'Ubaí', 10),
(2116, 'Ubaporanga', 10),
(2117, 'Uberaba', 10),
(2118, 'Uberlândia', 10),
(2119, 'Umburatiba', 10),
(2120, 'Unaí', 10),
(2121, 'União de Minas', 10),
(2122, 'Uruana de Minas', 10),
(2123, 'Urucânia', 10),
(2124, 'Urucuia', 10),
(2125, 'Vargem Alegre', 10),
(2126, 'Vargem Bonita', 10),
(2127, 'Vargem Grande do Rio Pardo', 10),
(2128, 'Varginha', 10),
(2129, 'Varjão de Minas', 10),
(2130, 'Várzea da Palma', 10),
(2131, 'Varzelândia', 10),
(2132, 'Vazante', 10),
(2133, 'Verdelândia', 10),
(2134, 'Veredinha', 10),
(2135, 'Veríssimo', 10),
(2136, 'Vermelho Novo', 10),
(2137, 'Vespasiano', 10),
(2138, 'Viçosa', 10),
(2139, 'Vieiras', 10),
(2140, 'Virgem da Lapa', 10),
(2141, 'Virgínia', 10),
(2142, 'Virginópolis', 10),
(2143, 'Virgolândia', 10),
(2144, 'Visconde do Rio Branco', 10),
(2145, 'Volta Grande', 10),
(2146, 'Wenceslau Braz', 10),
(2147, 'Paraguaçu Paulista', 25);

-- --------------------------------------------------------

--
-- Estrutura da tabela `endereco`
--

CREATE TABLE `endereco` (
  `id_endereco` int(11) NOT NULL,
  `tipo_logradouro` varchar(255) NOT NULL,
  `id_cidade` int(10) UNSIGNED DEFAULT NULL,
  `bairro` varchar(255) DEFAULT NULL,
  `nome` varchar(255) DEFAULT NULL,
  `numero` int(4) UNSIGNED DEFAULT NULL,
  `id_user` int(11) NOT NULL
) ENGINE=InnoDB DEFAULT CHARSET=utf8 COLLATE=utf8_unicode_ci;

--
-- Extraindo dados da tabela `endereco`
--

INSERT INTO `endereco` (`id_endereco`, `tipo_logradouro`, `id_cidade`, `bairro`, `nome`, `numero`, `id_user`) VALUES
(11, 'Avenida', 2147, 'centro', 'paraguaçu', 1211, 19);

-- --------------------------------------------------------

--
-- Estrutura da tabela `estado`
--

CREATE TABLE `estado` (
  `id_estado` int(10) UNSIGNED NOT NULL,
  `nome_estado` varchar(255) DEFAULT NULL
) ENGINE=InnoDB DEFAULT CHARSET=utf8 COLLATE=utf8_unicode_ci;

--
-- Extraindo dados da tabela `estado`
--

INSERT INTO `estado` (`id_estado`, `nome_estado`) VALUES
(1, 'Acre'),
(2, 'Alagoas'),
(3, 'Amapá'),
(4, 'Amazonas'),
(5, 'Bahia'),
(6, 'Ceará'),
(7, 'Distrito Federal'),
(8, 'Espírito Santo'),
(9, 'Goiás'),
(10, 'Maranhão'),
(11, 'Mato Grosso'),
(12, 'Mato Grosso do Sul'),
(13, 'Minas Gerais'),
(14, 'Pará'),
(15, 'Paraíba'),
(16, 'Paraná'),
(17, 'Pernambuco'),
(18, 'Piauí'),
(19, 'Rio de Janeiro'),
(20, 'Rio Grande do Norte'),
(21, 'Rio Grande do Sul'),
(22, 'Rondônia'),
(23, 'Roraima'),
(24, 'Santa Catarina'),
(25, 'São Paulo'),
(26, 'Sergipe'),
(27, 'Tocantins');

-- --------------------------------------------------------

--
-- Estrutura da tabela `lanches`
--

CREATE TABLE `lanches` (
  `id_lanche` int(11) NOT NULL,
  `nome_lanche` varchar(255) DEFAULT NULL,
  `preco` decimal(6,2) DEFAULT NULL,
  `ingredientes` varchar(255) DEFAULT NULL,
  `img_lanche` varchar(255) DEFAULT NULL
) ENGINE=InnoDB DEFAULT CHARSET=utf8 COLLATE=utf8_unicode_ci;

--
-- Extraindo dados da tabela `lanches`
--

INSERT INTO `lanches` (`id_lanche`, `nome_lanche`, `preco`, `ingredientes`, `img_lanche`) VALUES
(3, 'x-burguer', 12.99, 'hamburguer, pão, tomate, mussarela', 'hamburger.jpg'),
(4, 'x-burguer', 12.99, 'hamburguer, pão, tomate, mussarela', 'hamburger.jpg');

-- --------------------------------------------------------

--
-- Estrutura da tabela `pedidos`
--

CREATE TABLE `pedidos` (
  `id_pedido` int(11) NOT NULL,
  `itens_pedido` varchar(255) NOT NULL,
  `valor_pedido` decimal(6,2) NOT NULL,
  `id_user` int(11) NOT NULL,
  `id_endereco` int(11) NOT NULL,
  `data` datetime NOT NULL
) ENGINE=InnoDB DEFAULT CHARSET=utf8 COLLATE=utf8_unicode_ci;

--
-- Extraindo dados da tabela `pedidos`
--

INSERT INTO `pedidos` (`id_pedido`, `itens_pedido`, `valor_pedido`, `id_user`, `id_endereco`, `data`) VALUES
(10, 'x-burguer', 38.97, 19, 11, '2024-04-09 12:50:44');

-- --------------------------------------------------------

--
-- Estrutura da tabela `users`
--

CREATE TABLE `users` (
  `id_user` int(10) UNSIGNED NOT NULL,
  `nome_completo` varchar(255) DEFAULT NULL,
  `nome_usuario` varchar(45) DEFAULT NULL,
  `cpf` varchar(11) DEFAULT NULL,
  `email` varchar(255) DEFAULT NULL,
  `senha` varchar(20) DEFAULT NULL,
  `adm` int(10) UNSIGNED DEFAULT NULL,
  `foto_perfil` varchar(255) DEFAULT NULL,
  `id_endereco` int(11) NOT NULL
) ENGINE=InnoDB DEFAULT CHARSET=utf8 COLLATE=utf8_unicode_ci;

--
-- Extraindo dados da tabela `users`
--

INSERT INTO `users` (`id_user`, `nome_completo`, `nome_usuario`, `cpf`, `email`, `senha`, `adm`, `foto_perfil`, `id_endereco`) VALUES
(19, 'jonatas', 'jonatas', '11111111111', 'jonatas@sor.com', '123654', 1, '66156212c0f7b_profile-pic.png', 0);

--
-- Índices para tabelas despejadas
--

--
-- Índices para tabela `cidade`
--
ALTER TABLE `cidade`
  ADD PRIMARY KEY (`id_cidade`);

--
-- Índices para tabela `endereco`
--
ALTER TABLE `endereco`
  ADD PRIMARY KEY (`id_endereco`);

--
-- Índices para tabela `estado`
--
ALTER TABLE `estado`
  ADD PRIMARY KEY (`id_estado`);

--
-- Índices para tabela `lanches`
--
ALTER TABLE `lanches`
  ADD PRIMARY KEY (`id_lanche`);

--
-- Índices para tabela `pedidos`
--
ALTER TABLE `pedidos`
  ADD PRIMARY KEY (`id_pedido`);

--
-- Índices para tabela `users`
--
ALTER TABLE `users`
  ADD PRIMARY KEY (`id_user`);

--
-- AUTO_INCREMENT de tabelas despejadas
--

--
-- AUTO_INCREMENT de tabela `cidade`
--
ALTER TABLE `cidade`
  MODIFY `id_cidade` int(10) UNSIGNED NOT NULL AUTO_INCREMENT, AUTO_INCREMENT=2148;

--
-- AUTO_INCREMENT de tabela `endereco`
--
ALTER TABLE `endereco`
  MODIFY `id_endereco` int(11) NOT NULL AUTO_INCREMENT, AUTO_INCREMENT=12;

--
-- AUTO_INCREMENT de tabela `estado`
--
ALTER TABLE `estado`
  MODIFY `id_estado` int(10) UNSIGNED NOT NULL AUTO_INCREMENT, AUTO_INCREMENT=28;

--
-- AUTO_INCREMENT de tabela `lanches`
--
ALTER TABLE `lanches`
  MODIFY `id_lanche` int(11) NOT NULL AUTO_INCREMENT, AUTO_INCREMENT=5;

--
-- AUTO_INCREMENT de tabela `pedidos`
--
ALTER TABLE `pedidos`
  MODIFY `id_pedido` int(11) NOT NULL AUTO_INCREMENT, AUTO_INCREMENT=11;

--
-- AUTO_INCREMENT de tabela `users`
--
ALTER TABLE `users`
  MODIFY `id_user` int(10) UNSIGNED NOT NULL AUTO_INCREMENT, AUTO_INCREMENT=20;

--
-- Restrições para despejos de tabelas
--

--
-- Limitadores para a tabela `cidade`
--
ALTER TABLE `cidade`
  ADD CONSTRAINT `cidade_ibfk_1` FOREIGN KEY (`id_estado`) REFERENCES `estado` (`id_estado`) ON DELETE NO ACTION ON UPDATE NO ACTION;
COMMIT;

/*!40101 SET CHARACTER_SET_CLIENT=@OLD_CHARACTER_SET_CLIENT */;
/*!40101 SET CHARACTER_SET_RESULTS=@OLD_CHARACTER_SET_RESULTS */;
/*!40101 SET COLLATION_CONNECTION=@OLD_COLLATION_CONNECTION */;
